,p1,p2,cnt_left,cnt,freq_ratio
17065971,1003635,1000260,350,154,0.44
17986036,1003635,1000260,350,154,0.44
17906776,1003635,1000260,350,154,0.44
17906796,1003635,1000260,350,154,0.44
17906816,1003635,1000260,350,154,0.44
17906836,1003635,1000260,350,154,0.44
17906856,1003635,1000260,350,154,0.44
17906876,1003635,1000260,350,154,0.44
17906896,1003635,1000260,350,154,0.44
17986056,1003635,1000260,350,154,0.44
17175653,1003635,1000260,350,154,0.44
17986076,1003635,1000260,350,154,0.44
17986096,1003635,1000260,350,154,0.44
17986116,1003635,1000260,350,154,0.44
17986136,1003635,1000260,350,154,0.44
17986156,1003635,1000260,350,154,0.44
17986176,1003635,1000260,350,154,0.44
18003704,1003635,1000260,350,154,0.44
17175729,1003635,1000260,350,154,0.44
17175645,1003635,1000260,350,154,0.44
17107461,1003635,1000260,350,154,0.44
17158111,1003635,1000260,350,154,0.44
17108979,1003635,1000260,350,154,0.44
17128235,1003635,1000260,350,154,0.44
17129717,1003635,1000260,350,154,0.44
17130543,1003635,1000260,350,154,0.44
17157199,1003635,1000260,350,154,0.44
17157623,1003635,1000260,350,154,0.44
17157647,1003635,1000260,350,154,0.44
17158467,1003635,1000260,350,154,0.44
17175607,1003635,1000260,350,154,0.44
17158747,1003635,1000260,350,154,0.44
17174461,1003635,1000260,350,154,0.44
17175109,1003635,1000260,350,154,0.44
17175281,1003635,1000260,350,154,0.44
17175301,1003635,1000260,350,154,0.44
17175361,1003635,1000260,350,154,0.44
17175375,1003635,1000260,350,154,0.44
18003724,1003635,1000260,350,154,0.44
18003744,1003635,1000260,350,154,0.44
18003764,1003635,1000260,350,154,0.44
18228282,1003635,1000260,350,154,0.44
18205463,1003635,1000260,350,154,0.44
18205465,1003635,1000260,350,154,0.44
18205467,1003635,1000260,350,154,0.44
18205469,1003635,1000260,350,154,0.44
18205471,1003635,1000260,350,154,0.44
18205473,1003635,1000260,350,154,0.44
18205475,1003635,1000260,350,154,0.44
18228302,1003635,1000260,350,154,0.44
18003784,1003635,1000260,350,154,0.44
18228322,1003635,1000260,350,154,0.44
18228342,1003635,1000260,350,154,0.44
18228544,1003635,1000260,350,154,0.44
18228576,1003635,1000260,350,154,0.44
18228596,1003635,1000260,350,154,0.44
18228616,1003635,1000260,350,154,0.44
18251078,1003635,1000260,350,154,0.44
18205461,1003635,1000260,350,154,0.44
18205459,1003635,1000260,350,154,0.44
18205457,1003635,1000260,350,154,0.44
18205455,1003635,1000260,350,154,0.44
18003806,1003635,1000260,350,154,0.44
18003838,1003635,1000260,350,154,0.44
18003858,1003635,1000260,350,154,0.44
18003878,1003635,1000260,350,154,0.44
18003898,1003635,1000260,350,154,0.44
18003918,1003635,1000260,350,154,0.44
18003938,1003635,1000260,350,154,0.44
18018106,1003635,1000260,350,154,0.44
18018146,1003635,1000260,350,154,0.44
18018166,1003635,1000260,350,154,0.44
18018186,1003635,1000260,350,154,0.44
18018206,1003635,1000260,350,154,0.44
18018226,1003635,1000260,350,154,0.44
18018246,1003635,1000260,350,154,0.44
18018266,1003635,1000260,350,154,0.44
17108891,1003635,1000260,350,154,0.44
18018126,1003635,1000260,350,154,0.44
17106793,1003635,1000260,350,154,0.44
17089367,1003635,1000260,350,154,0.44
18251098,1003635,1000260,350,154,0.44
17081483,1003635,1000260,350,154,0.44
17082883,1003635,1000260,350,154,0.44
17084165,1003635,1000260,350,154,0.44
17087683,1003635,1000260,350,154,0.44
17087849,1003635,1000260,350,154,0.44
17089339,1003635,1000260,350,154,0.44
17089513,1003635,1000260,350,154,0.44
18291196,1003635,1000260,350,154,0.44
16975977,1003635,1000260,350,154,0.44
16975975,1003635,1000260,350,154,0.44
16975973,1003635,1000260,350,154,0.44
16975971,1003635,1000260,350,154,0.44
16972835,1003635,1000260,350,154,0.44
16972759,1003635,1000260,350,154,0.44
16943909,1003635,1000260,350,154,0.44
17078971,1003635,1000260,350,154,0.44
17067401,1003635,1000260,350,154,0.44
16943887,1003635,1000260,350,154,0.44
18291315,1003635,1000260,350,154,0.44
17065615,1003635,1000260,350,154,0.44
18291319,1003635,1000260,350,154,0.44
17065961,1003635,1000260,350,154,0.44
17106735,1003635,1000260,350,154,0.44
17065613,1003635,1000260,350,154,0.44
18291317,1003635,1000260,350,154,0.44
17065549,1003635,1000260,350,154,0.44
17065437,1003635,1000260,350,154,0.44
18291216,1003635,1000260,350,154,0.44
18291296,1003635,1000260,350,154,0.44
17065309,1003635,1000260,350,154,0.44
18291276,1003635,1000260,350,154,0.44
17065089,1003635,1000260,350,154,0.44
18291256,1003635,1000260,350,154,0.44
17065045,1003635,1000260,350,154,0.44
17067319,1003635,1000260,350,154,0.44
16943889,1003635,1000260,350,154,0.44
18291236,1003635,1000260,350,154,0.44
16943825,1003635,1000260,350,154,0.44
16877503,1003635,1000260,350,154,0.44
16876419,1003635,1000260,350,154,0.44
16855939,1003635,1000260,350,154,0.44
16853255,1003635,1000260,350,154,0.44
16852507,1003635,1000260,350,154,0.44
16851729,1003635,1000260,350,154,0.44
16644491,1003635,1000260,350,154,0.44
17090561,1003635,1000260,350,154,0.44
17104665,1003635,1000260,350,154,0.44
17104917,1003635,1000260,350,154,0.44
17105103,1003635,1000260,350,154,0.44
17105721,1003635,1000260,350,154,0.44
17105111,1003635,1000260,350,154,0.44
17106709,1003635,1000260,350,154,0.44
17105727,1003635,1000260,350,154,0.44
16943823,1003635,1000260,350,154,0.44
16876423,1003635,1000260,350,154,0.44
16858877,1003635,1000260,350,154,0.44
16900467,1003635,1000260,350,154,0.44
16904711,1003635,1000260,350,154,0.44
16943821,1003635,1000260,350,154,0.44
16943721,1003635,1000260,350,154,0.44
16943695,1003635,1000260,350,154,0.44
16929341,1003635,1000260,350,154,0.44
16929213,1003635,1000260,350,154,0.44
16929181,1003635,1000260,350,154,0.44
16905477,1003635,1000260,350,154,0.44
16902505,1003635,1000260,350,154,0.44
16905017,1003635,1000260,350,154,0.44
16904461,1003635,1000260,350,154,0.44
16904445,1003635,1000260,350,154,0.44
16904333,1003635,1000260,350,154,0.44
16903931,1003635,1000260,350,154,0.44
16903321,1003635,1000260,350,154,0.44
11997316,1002395,1002396,495,173,0.34949494949494947
11975836,1002395,1002396,495,173,0.34949494949494947
11996354,1002395,1002396,495,173,0.34949494949494947
12000328,1002395,1002396,495,173,0.34949494949494947
12010350,1002395,1002396,495,173,0.34949494949494947
11976176,1002395,1002396,495,173,0.34949494949494947
12031170,1002395,1002396,495,173,0.34949494949494947
12010428,1002395,1002396,495,173,0.34949494949494947
12010592,1002395,1002396,495,173,0.34949494949494947
12010772,1002395,1002396,495,173,0.34949494949494947
12053320,1002395,1002396,495,173,0.34949494949494947
12033164,1002395,1002396,495,173,0.34949494949494947
12034278,1002395,1002396,495,173,0.34949494949494947
12051718,1002395,1002396,495,173,0.34949494949494947
12052902,1002395,1002396,495,173,0.34949494949494947
12053038,1002395,1002396,495,173,0.34949494949494947
12053044,1002395,1002396,495,173,0.34949494949494947
12053050,1002395,1002396,495,173,0.34949494949494947
12053074,1002395,1002396,495,173,0.34949494949494947
11957850,1002395,1002396,495,173,0.34949494949494947
12053398,1002395,1002396,495,173,0.34949494949494947
12055000,1002395,1002396,495,173,0.34949494949494947
12059604,1002395,1002396,495,173,0.34949494949494947
11958188,1002395,1002396,495,173,0.34949494949494947
10794378,1002395,1002396,495,173,0.34949494949494947
11957446,1002395,1002396,495,173,0.34949494949494947
11956216,1002395,1002396,495,173,0.34949494949494947
10793572,1002395,1002396,495,173,0.34949494949494947
12060508,1002395,1002396,495,173,0.34949494949494947
10792364,1002395,1002396,495,173,0.34949494949494947
10792346,1002395,1002396,495,173,0.34949494949494947
10793692,1002395,1002396,495,173,0.34949494949494947
10793768,1002395,1002396,495,173,0.34949494949494947
10793800,1002395,1002396,495,173,0.34949494949494947
10793920,1002395,1002396,495,173,0.34949494949494947
10793936,1002395,1002396,495,173,0.34949494949494947
10794168,1002395,1002396,495,173,0.34949494949494947
10794192,1002395,1002396,495,173,0.34949494949494947
10794288,1002395,1002396,495,173,0.34949494949494947
10794724,1002395,1002396,495,173,0.34949494949494947
10794736,1002395,1002396,495,173,0.34949494949494947
10794840,1002395,1002396,495,173,0.34949494949494947
10794860,1002395,1002396,495,173,0.34949494949494947
10794874,1002395,1002396,495,173,0.34949494949494947
11060750,1002395,1002396,495,173,0.34949494949494947
11908876,1002395,1002396,495,173,0.34949494949494947
11908906,1002395,1002396,495,173,0.34949494949494947
11909158,1002395,1002396,495,173,0.34949494949494947
11938984,1002395,1002396,495,173,0.34949494949494947
11939632,1002395,1002396,495,173,0.34949494949494947
12060506,1002395,1002396,495,173,0.34949494949494947
13427536,1002395,1002396,495,173,0.34949494949494947
12146098,1002395,1002396,495,173,0.34949494949494947
13427048,1002395,1002396,495,173,0.34949494949494947
13427526,1002395,1002396,495,173,0.34949494949494947
13427528,1002395,1002396,495,173,0.34949494949494947
13427530,1002395,1002396,495,173,0.34949494949494947
13427532,1002395,1002396,495,173,0.34949494949494947
13427534,1002395,1002396,495,173,0.34949494949494947
13427538,1002395,1002396,495,173,0.34949494949494947
13427540,1002395,1002396,495,173,0.34949494949494947
13427542,1002395,1002396,495,173,0.34949494949494947
13457726,1002395,1002396,495,173,0.34949494949494947
13457728,1002395,1002396,495,173,0.34949494949494947
13457730,1002395,1002396,495,173,0.34949494949494947
13457732,1002395,1002396,495,173,0.34949494949494947
13457740,1002395,1002396,495,173,0.34949494949494947
13457742,1002395,1002396,495,173,0.34949494949494947
13457744,1002395,1002396,495,173,0.34949494949494947
13457746,1002395,1002396,495,173,0.34949494949494947
13457750,1002395,1002396,495,173,0.34949494949494947
13726366,1002395,1002396,495,173,0.34949494949494947
15560250,1002395,1002396,495,173,0.34949494949494947
15810324,1002395,1002396,495,173,0.34949494949494947
10791778,1002395,1002396,495,173,0.34949494949494947
16724556,1002395,1002396,495,173,0.34949494949494947
16724554,1002395,1002396,495,173,0.34949494949494947
13427050,1002395,1002396,495,173,0.34949494949494947
13427046,1002395,1002396,495,173,0.34949494949494947
12148512,1002395,1002396,495,173,0.34949494949494947
13427044,1002395,1002396,495,173,0.34949494949494947
12335580,1002395,1002396,495,173,0.34949494949494947
12353222,1002395,1002396,495,173,0.34949494949494947
12355354,1002395,1002396,495,173,0.34949494949494947
12356560,1002395,1002396,495,173,0.34949494949494947
12357642,1002395,1002396,495,173,0.34949494949494947
12358626,1002395,1002396,495,173,0.34949494949494947
12376978,1002395,1002396,495,173,0.34949494949494947
12473698,1002395,1002396,495,173,0.34949494949494947
12892697,1002395,1002396,495,173,0.34949494949494947
12897278,1002395,1002396,495,173,0.34949494949494947
12958962,1002395,1002396,495,173,0.34949494949494947
13410362,1002395,1002396,495,173,0.34949494949494947
13410364,1002395,1002396,495,173,0.34949494949494947
13410366,1002395,1002396,495,173,0.34949494949494947
13410368,1002395,1002396,495,173,0.34949494949494947
13410370,1002395,1002396,495,173,0.34949494949494947
13410372,1002395,1002396,495,173,0.34949494949494947
13410374,1002395,1002396,495,173,0.34949494949494947
13410376,1002395,1002396,495,173,0.34949494949494947
13427036,1002395,1002396,495,173,0.34949494949494947
13427038,1002395,1002396,495,173,0.34949494949494947
13427040,1002395,1002396,495,173,0.34949494949494947
13427042,1002395,1002396,495,173,0.34949494949494947
10792320,1002395,1002396,495,173,0.34949494949494947
12053056,1002395,1002396,495,173,0.34949494949494947
10714650,1002395,1002396,495,173,0.34949494949494947
10698742,1002395,1002396,495,173,0.34949494949494947
10768674,1002395,1002396,495,173,0.34949494949494947
10699682,1002395,1002396,495,173,0.34949494949494947
10739126,1002395,1002396,495,173,0.34949494949494947
10699848,1002395,1002396,495,173,0.34949494949494947
10751182,1002395,1002396,495,173,0.34949494949494947
10700454,1002395,1002396,495,173,0.34949494949494947
10738390,1002395,1002396,495,173,0.34949494949494947
10768654,1002395,1002396,495,173,0.34949494949494947
10740108,1002395,1002396,495,173,0.34949494949494947
10700494,1002395,1002396,495,173,0.34949494949494947
10783632,1002395,1002396,495,173,0.34949494949494947
10738366,1002395,1002396,495,173,0.34949494949494947
10700578,1002395,1002396,495,173,0.34949494949494947
10768610,1002395,1002396,495,173,0.34949494949494947
10737536,1002395,1002396,495,173,0.34949494949494947
10700666,1002395,1002396,495,173,0.34949494949494947
10720708,1002395,1002396,495,173,0.34949494949494947
10720676,1002395,1002396,495,173,0.34949494949494947
10700790,1002395,1002396,495,173,0.34949494949494947
10783412,1002395,1002396,495,173,0.34949494949494947
10739216,1002395,1002396,495,173,0.34949494949494947
10718232,1002395,1002396,495,173,0.34949494949494947
10750854,1002395,1002396,495,173,0.34949494949494947
10607660,1002395,1002396,495,173,0.34949494949494947
10608390,1002395,1002396,495,173,0.34949494949494947
10582716,1002395,1002396,495,173,0.34949494949494947
10739820,1002395,1002396,495,173,0.34949494949494947
10740570,1002395,1002396,495,173,0.34949494949494947
10769852,1002395,1002396,495,173,0.34949494949494947
10582636,1002395,1002396,495,173,0.34949494949494947
10769450,1002395,1002396,495,173,0.34949494949494947
10770264,1002395,1002396,495,173,0.34949494949494947
10740686,1002395,1002396,495,173,0.34949494949494947
10608584,1002395,1002396,495,173,0.34949494949494947
10768920,1002395,1002396,495,173,0.34949494949494947
10770860,1002395,1002396,495,173,0.34949494949494947
10750542,1002395,1002396,495,173,0.34949494949494947
10739476,1002395,1002396,495,173,0.34949494949494947
10750658,1002395,1002396,495,173,0.34949494949494947
10698624,1002395,1002396,495,173,0.34949494949494947
10783194,1002395,1002396,495,173,0.34949494949494947
10768786,1002395,1002396,495,173,0.34949494949494947
10768598,1002395,1002396,495,173,0.34949494949494947
10769566,1002395,1002396,495,173,0.34949494949494947
10791438,1002395,1002396,495,173,0.34949494949494947
10717162,1002395,1002396,495,173,0.34949494949494947
10713388,1002395,1002396,495,173,0.34949494949494947
10768142,1002395,1002396,495,173,0.34949494949494947
10717246,1002395,1002396,495,173,0.34949494949494947
10712644,1002395,1002396,495,173,0.34949494949494947
10715190,1002395,1002396,495,173,0.34949494949494947
10717758,1002395,1002396,495,173,0.34949494949494947
10713908,1002395,1002396,495,173,0.34949494949494947
10716660,1002395,1002396,495,173,0.34949494949494947
10754994,1002395,1002396,495,173,0.34949494949494947
10716808,1002395,1002396,495,173,0.34949494949494947
10714732,1002395,1002396,495,173,0.34949494949494947
10768550,1002395,1002396,495,173,0.34949494949494947
10714130,1002395,1002396,495,173,0.34949494949494947
10701190,1002395,1002396,495,173,0.34949494949494947
10767626,1002395,1002396,495,173,0.34949494949494947
10717874,1002395,1002396,495,173,0.34949494949494947
10717172,1002395,1002396,495,173,0.34949494949494947
10784456,1002395,1002396,495,173,0.34949494949494947
10714920,1002395,1002396,495,173,0.34949494949494947
12060509,1002396,1002395,496,173,0.3487903225806452
10768923,1002396,1002395,496,173,0.3487903225806452
13427535,1002396,1002395,496,173,0.3487903225806452
12335583,1002396,1002395,496,173,0.3487903225806452
12146100,1002396,1002395,496,173,0.3487903225806452
10750545,1002396,1002395,496,173,0.3487903225806452
13427533,1002396,1002395,496,173,0.3487903225806452
12148513,1002396,1002395,496,173,0.3487903225806452
10740689,1002396,1002395,496,173,0.3487903225806452
10750661,1002396,1002395,496,173,0.3487903225806452
10768145,1002396,1002395,496,173,0.3487903225806452
12353227,1002396,1002395,496,173,0.3487903225806452
10768789,1002396,1002395,496,173,0.3487903225806452
12060507,1002396,1002395,496,173,0.3487903225806452
10714132,1002396,1002395,496,173,0.3487903225806452
13457731,1002396,1002395,496,173,0.3487903225806452
13427537,1002396,1002395,496,173,0.3487903225806452
12053040,1002396,1002395,496,173,0.3487903225806452
10740111,1002396,1002395,496,173,0.3487903225806452
10582718,1002396,1002395,496,173,0.3487903225806452
12053046,1002396,1002395,496,173,0.3487903225806452
12053052,1002396,1002395,496,173,0.3487903225806452
13427543,1002396,1002395,496,173,0.3487903225806452
10767629,1002396,1002395,496,173,0.3487903225806452
13427541,1002396,1002395,496,173,0.3487903225806452
10582638,1002396,1002395,496,173,0.3487903225806452
10740573,1002396,1002395,496,173,0.3487903225806452
12053058,1002396,1002395,496,173,0.3487903225806452
13457729,1002396,1002395,496,173,0.3487903225806452
12053076,1002396,1002395,496,173,0.3487903225806452
10769453,1002396,1002395,496,173,0.3487903225806452
12053322,1002396,1002395,496,173,0.3487903225806452
12053400,1002396,1002395,496,173,0.3487903225806452
12355358,1002396,1002395,496,173,0.3487903225806452
12055002,1002396,1002395,496,173,0.3487903225806452
12059607,1002396,1002395,496,173,0.3487903225806452
13427539,1002396,1002395,496,173,0.3487903225806452
10750857,1002396,1002395,496,173,0.3487903225806452
12356564,1002396,1002395,496,173,0.3487903225806452
13427531,1002396,1002395,496,173,0.3487903225806452
13457751,1002396,1002395,496,173,0.3487903225806452
13427049,1002396,1002395,496,173,0.3487903225806452
13410367,1002396,1002395,496,173,0.3487903225806452
10768553,1002396,1002395,496,173,0.3487903225806452
13457747,1002396,1002395,496,173,0.3487903225806452
13410369,1002396,1002395,496,173,0.3487903225806452
10768613,1002396,1002395,496,173,0.3487903225806452
13427047,1002396,1002395,496,173,0.3487903225806452
13410371,1002396,1002395,496,173,0.3487903225806452
13410373,1002396,1002395,496,173,0.3487903225806452
13410375,1002396,1002395,496,173,0.3487903225806452
13427045,1002396,1002395,496,173,0.3487903225806452
13457745,1002396,1002395,496,173,0.3487903225806452
13410377,1002396,1002395,496,173,0.3487903225806452
13457743,1002396,1002395,496,173,0.3487903225806452
13427037,1002396,1002395,496,173,0.3487903225806452
10768601,1002396,1002395,496,173,0.3487903225806452
13427039,1002396,1002395,496,173,0.3487903225806452
13427043,1002396,1002395,496,173,0.3487903225806452
13410365,1002396,1002395,496,173,0.3487903225806452
13410363,1002396,1002395,496,173,0.3487903225806452
12958963,1002396,1002395,496,173,0.3487903225806452
12473699,1002396,1002395,496,173,0.3487903225806452
12357646,1002396,1002395,496,173,0.3487903225806452
13457733,1002396,1002395,496,173,0.3487903225806452
13427041,1002396,1002395,496,173,0.3487903225806452
12358630,1002396,1002395,496,173,0.3487903225806452
13427529,1002396,1002395,496,173,0.3487903225806452
15810325,1002396,1002395,496,173,0.3487903225806452
12376982,1002396,1002395,496,173,0.3487903225806452
10768677,1002396,1002395,496,173,0.3487903225806452
10754997,1002396,1002395,496,173,0.3487903225806452
13427051,1002396,1002395,496,173,0.3487903225806452
15560251,1002396,1002395,496,173,0.3487903225806452
12892701,1002396,1002395,496,173,0.3487903225806452
10791781,1002396,1002395,496,173,0.3487903225806452
12897281,1002396,1002395,496,173,0.3487903225806452
13427527,1002396,1002395,496,173,0.3487903225806452
13457741,1002396,1002395,496,173,0.3487903225806452
13726368,1002396,1002395,496,173,0.3487903225806452
10768657,1002396,1002395,496,173,0.3487903225806452
10751185,1002396,1002395,496,173,0.3487903225806452
12010774,1002396,1002395,496,173,0.3487903225806452
10794863,1002396,1002395,496,173,0.3487903225806452
10783635,1002396,1002395,496,173,0.3487903225806452
10793939,1002396,1002395,496,173,0.3487903225806452
10700792,1002396,1002395,496,173,0.3487903225806452
10718233,1002396,1002395,496,173,0.3487903225806452
10794171,1002396,1002395,496,173,0.3487903225806452
10720677,1002396,1002395,496,173,0.3487903225806452
10700668,1002396,1002395,496,173,0.3487903225806452
10794195,1002396,1002395,496,173,0.3487903225806452
10720709,1002396,1002395,496,173,0.3487903225806452
10737539,1002396,1002395,496,173,0.3487903225806452
10794291,1002396,1002395,496,173,0.3487903225806452
10700580,1002396,1002395,496,173,0.3487903225806452
10794381,1002396,1002395,496,173,0.3487903225806452
10739129,1002396,1002395,496,173,0.3487903225806452
10700496,1002396,1002395,496,173,0.3487903225806452
10794727,1002396,1002395,496,173,0.3487903225806452
10738369,1002396,1002395,496,173,0.3487903225806452
10794739,1002396,1002395,496,173,0.3487903225806452
10700456,1002396,1002395,496,173,0.3487903225806452
10699850,1002396,1002395,496,173,0.3487903225806452
10794843,1002396,1002395,496,173,0.3487903225806452
10738393,1002396,1002395,496,173,0.3487903225806452
10699684,1002396,1002395,496,173,0.3487903225806452
12052904,1002396,1002395,496,173,0.3487903225806452
10783415,1002396,1002395,496,173,0.3487903225806452
10717876,1002396,1002395,496,173,0.3487903225806452
10793923,1002396,1002395,496,173,0.3487903225806452
10784459,1002396,1002395,496,173,0.3487903225806452
10717760,1002396,1002395,496,173,0.3487903225806452
10714652,1002396,1002395,496,173,0.3487903225806452
10714734,1002396,1002395,496,173,0.3487903225806452
10792323,1002396,1002395,496,173,0.3487903225806452
10713910,1002396,1002395,496,173,0.3487903225806452
16724557,1002396,1002395,496,173,0.3487903225806452
16724555,1002396,1002395,496,173,0.3487903225806452
10792349,1002396,1002395,496,173,0.3487903225806452
10714922,1002396,1002395,496,173,0.3487903225806452
10715192,1002396,1002395,496,173,0.3487903225806452
10791441,1002396,1002395,496,173,0.3487903225806452
10792367,1002396,1002395,496,173,0.3487903225806452
10716662,1002396,1002395,496,173,0.3487903225806452
10793575,1002396,1002395,496,173,0.3487903225806452
10713390,1002396,1002395,496,173,0.3487903225806452
10716810,1002396,1002395,496,173,0.3487903225806452
10793695,1002396,1002395,496,173,0.3487903225806452
10717164,1002396,1002395,496,173,0.3487903225806452
10712646,1002396,1002395,496,173,0.3487903225806452
10793771,1002396,1002395,496,173,0.3487903225806452
10717174,1002396,1002395,496,173,0.3487903225806452
10717248,1002396,1002395,496,173,0.3487903225806452
10793803,1002396,1002395,496,173,0.3487903225806452
10701192,1002396,1002395,496,173,0.3487903225806452
10794877,1002396,1002395,496,173,0.3487903225806452
13457727,1002396,1002395,496,173,0.3487903225806452
10698744,1002396,1002395,496,173,0.3487903225806452
12010352,1002396,1002395,496,173,0.3487903225806452
10770863,1002396,1002395,496,173,0.3487903225806452
11958200,1002396,1002395,496,173,0.3487903225806452
10608586,1002396,1002395,496,173,0.3487903225806452
11975848,1002396,1002395,496,173,0.3487903225806452
10739479,1002396,1002395,496,173,0.3487903225806452
11976188,1002396,1002395,496,173,0.3487903225806452
11996366,1002396,1002395,496,173,0.3487903225806452
10770267,1002396,1002395,496,173,0.3487903225806452
11997328,1002396,1002395,496,173,0.3487903225806452
12000340,1002396,1002395,496,173,0.3487903225806452
12010430,1002396,1002395,496,173,0.3487903225806452
11956228,1002396,1002395,496,173,0.3487903225806452
10608392,1002396,1002395,496,173,0.3487903225806452
12010594,1002396,1002395,496,173,0.3487903225806452
10769855,1002396,1002395,496,173,0.3487903225806452
12031171,1002396,1002395,496,173,0.3487903225806452
12033165,1002396,1002395,496,173,0.3487903225806452
10739823,1002396,1002395,496,173,0.3487903225806452
12034289,1002396,1002395,496,173,0.3487903225806452
12051720,1002396,1002395,496,173,0.3487903225806452
10607662,1002396,1002395,496,173,0.3487903225806452
10769569,1002396,1002395,496,173,0.3487903225806452
11957457,1002396,1002395,496,173,0.3487903225806452
11957862,1002396,1002395,496,173,0.3487903225806452
11908909,1002396,1002395,496,173,0.3487903225806452
11938996,1002396,1002395,496,173,0.3487903225806452
10783197,1002396,1002395,496,173,0.3487903225806452
10698626,1002396,1002395,496,173,0.3487903225806452
11909161,1002396,1002395,496,173,0.3487903225806452
10739219,1002396,1002395,496,173,0.3487903225806452
11908879,1002396,1002395,496,173,0.3487903225806452
11939644,1002396,1002395,496,173,0.3487903225806452
11060752,1002396,1002395,496,173,0.3487903225806452
10750861,1003668,1002396,188,64,0.3404255319148936
10740114,1003668,1002395,188,64,0.3404255319148936
10755000,1003668,1002395,188,64,0.3404255319148936
10739483,1003668,1002396,188,64,0.3404255319148936
10740115,1003668,1002396,188,64,0.3404255319148936
10738397,1003668,1002396,188,64,0.3404255319148936
10739826,1003668,1002395,188,64,0.3404255319148936
10738396,1003668,1002395,188,64,0.3404255319148936
10755001,1003668,1002396,188,64,0.3404255319148936
10750860,1003668,1002395,188,64,0.3404255319148936
13726371,1003668,1002396,188,64,0.3404255319148936
13726370,1003668,1002395,188,64,0.3404255319148936
10739133,1003668,1002396,188,64,0.3404255319148936
10750549,1003668,1002396,188,64,0.3404255319148936
10739222,1003668,1002395,188,64,0.3404255319148936
10739482,1003668,1002395,188,64,0.3404255319148936
10739223,1003668,1002396,188,64,0.3404255319148936
10750548,1003668,1002395,188,64,0.3404255319148936
10737542,1003668,1002395,188,64,0.3404255319148936
10751189,1003668,1002396,188,64,0.3404255319148936
10739132,1003668,1002395,188,64,0.3404255319148936
10737543,1003668,1002396,188,64,0.3404255319148936
10750664,1003668,1002395,188,64,0.3404255319148936
10750665,1003668,1002396,188,64,0.3404255319148936
10740693,1003668,1002396,188,64,0.3404255319148936
10740692,1003668,1002395,188,64,0.3404255319148936
10738372,1003668,1002395,188,64,0.3404255319148936
10738373,1003668,1002396,188,64,0.3404255319148936
10740577,1003668,1002396,188,64,0.3404255319148936
10740576,1003668,1002395,188,64,0.3404255319148936
10751188,1003668,1002395,188,64,0.3404255319148936
10739827,1003668,1002396,188,64,0.3404255319148936
10791445,1003668,1002396,188,64,0.3404255319148936
10768557,1003668,1002396,188,64,0.3404255319148936
10794295,1003668,1002396,188,64,0.3404255319148936
12051723,1003668,1002396,188,64,0.3404255319148936
12052906,1003668,1002395,188,64,0.3404255319148936
10794294,1003668,1002395,188,64,0.3404255319148936
12052907,1003668,1002396,188,64,0.3404255319148936
12053042,1003668,1002395,188,64,0.3404255319148936
12053043,1003668,1002396,188,64,0.3404255319148936
10769457,1003668,1002396,188,64,0.3404255319148936
12053048,1003668,1002395,188,64,0.3404255319148936
12053049,1003668,1002396,188,64,0.3404255319148936
10769456,1003668,1002395,188,64,0.3404255319148936
10794199,1003668,1002396,188,64,0.3404255319148936
12053054,1003668,1002395,188,64,0.3404255319148936
12053055,1003668,1002396,188,64,0.3404255319148936
10794198,1003668,1002395,188,64,0.3404255319148936
10783638,1003668,1002395,188,64,0.3404255319148936
10794175,1003668,1002396,188,64,0.3404255319148936
10768927,1003668,1002396,188,64,0.3404255319148936
10794174,1003668,1002395,188,64,0.3404255319148936
10768926,1003668,1002395,188,64,0.3404255319148936
10794866,1003668,1002395,188,64,0.3404255319148936
10783639,1003668,1002396,188,64,0.3404255319148936
10793943,1003668,1002396,188,64,0.3404255319148936
12059610,1003668,1002395,188,64,0.3404255319148936
12051722,1003668,1002395,188,64,0.3404255319148936
10794384,1003668,1002395,188,64,0.3404255319148936
10793927,1003668,1002396,188,64,0.3404255319148936
10769572,1003668,1002395,188,64,0.3404255319148936
10794847,1003668,1002396,188,64,0.3404255319148936
10794880,1003668,1002395,188,64,0.3404255319148936
10794881,1003668,1002396,188,64,0.3404255319148936
11060754,1003668,1002395,188,64,0.3404255319148936
11060755,1003668,1002396,188,64,0.3404255319148936
10783201,1003668,1002396,188,64,0.3404255319148936
10794846,1003668,1002395,188,64,0.3404255319148936
10783200,1003668,1002395,188,64,0.3404255319148936
10783418,1003668,1002395,188,64,0.3404255319148936
10767632,1003668,1002395,188,64,0.3404255319148936
10794743,1003668,1002396,188,64,0.3404255319148936
10770867,1003668,1002396,188,64,0.3404255319148936
10770866,1003668,1002395,188,64,0.3404255319148936
10794742,1003668,1002395,188,64,0.3404255319148936
10770271,1003668,1002396,188,64,0.3404255319148936
10770270,1003668,1002395,188,64,0.3404255319148936
10783419,1003668,1002396,188,64,0.3404255319148936
10794731,1003668,1002396,188,64,0.3404255319148936
10794730,1003668,1002395,188,64,0.3404255319148936
10769859,1003668,1002396,188,64,0.3404255319148936
10769858,1003668,1002395,188,64,0.3404255319148936
10769573,1003668,1002396,188,64,0.3404255319148936
10794385,1003668,1002396,188,64,0.3404255319148936
10793942,1003668,1002395,188,64,0.3404255319148936
10794867,1003668,1002396,188,64,0.3404255319148936
12059611,1003668,1002396,188,64,0.3404255319148936
10768617,1003668,1002396,188,64,0.3404255319148936
10768681,1003668,1002396,188,64,0.3404255319148936
10792371,1003668,1002396,188,64,0.3404255319148936
10768680,1003668,1002395,188,64,0.3404255319148936
10792353,1003668,1002396,188,64,0.3404255319148936
10792352,1003668,1002395,188,64,0.3404255319148936
10768661,1003668,1002396,188,64,0.3404255319148936
10768660,1003668,1002395,188,64,0.3404255319148936
12897284,1003668,1002395,188,64,0.3404255319148936
12897285,1003668,1002396,188,64,0.3404255319148936
10792327,1003668,1002396,188,64,0.3404255319148936
10768616,1003668,1002395,188,64,0.3404255319148936
10793579,1003668,1002396,188,64,0.3404255319148936
10792326,1003668,1002395,188,64,0.3404255319148936
10768605,1003668,1002396,188,64,0.3404255319148936
10768604,1003668,1002395,188,64,0.3404255319148936
10791444,1003668,1002395,188,64,0.3404255319148936
10768556,1003668,1002395,188,64,0.3404255319148936
10791785,1003668,1002396,188,64,0.3404255319148936
10768149,1003668,1002396,188,64,0.3404255319148936
10768148,1003668,1002395,188,64,0.3404255319148936
10791784,1003668,1002395,188,64,0.3404255319148936
10767633,1003668,1002396,188,64,0.3404255319148936
10793578,1003668,1002395,188,64,0.3404255319148936
10792370,1003668,1002395,188,64,0.3404255319148936
12335587,1003668,1002396,188,64,0.3404255319148936
10793698,1003668,1002395,188,64,0.3404255319148936
10793775,1003668,1002396,188,64,0.3404255319148936
10793774,1003668,1002395,188,64,0.3404255319148936
10784463,1003668,1002396,188,64,0.3404255319148936
10768792,1003668,1002395,188,64,0.3404255319148936
10784462,1003668,1002395,188,64,0.3404255319148936
10793699,1003668,1002396,188,64,0.3404255319148936
12146103,1003668,1002396,188,64,0.3404255319148936
10793806,1003668,1002395,188,64,0.3404255319148936
12335586,1003668,1002395,188,64,0.3404255319148936
12146102,1003668,1002395,188,64,0.3404255319148936
10793807,1003668,1002396,188,64,0.3404255319148936
10793926,1003668,1002395,188,64,0.3404255319148936
10768793,1003668,1002396,188,64,0.3404255319148936
10792325,1003668,1002200,188,56,0.2978723404255319
10738395,1003668,1002200,188,56,0.2978723404255319
10794845,1003668,1002200,188,56,0.2978723404255319
10793805,1003668,1002200,188,56,0.2978723404255319
10793925,1003668,1002200,188,56,0.2978723404255319
10784461,1003668,1002200,188,56,0.2978723404255319
10791783,1003668,1002200,188,56,0.2978723404255319
10783417,1003668,1002200,188,56,0.2978723404255319
10794865,1003668,1002200,188,56,0.2978723404255319
10794741,1003668,1002200,188,56,0.2978723404255319
10794197,1003668,1002200,188,56,0.2978723404255319
10793773,1003668,1002200,188,56,0.2978723404255319
10791443,1003668,1002200,188,56,0.2978723404255319
10792351,1003668,1002200,188,56,0.2978723404255319
10738371,1003668,1002200,188,56,0.2978723404255319
10794729,1003668,1002200,188,56,0.2978723404255319
10783637,1003668,1002200,188,56,0.2978723404255319
10792369,1003668,1002200,188,56,0.2978723404255319
10793941,1003668,1002200,188,56,0.2978723404255319
10794383,1003668,1002200,188,56,0.2978723404255319
10793697,1003668,1002200,188,56,0.2978723404255319
10794293,1003668,1002200,188,56,0.2978723404255319
10737541,1003668,1002200,188,56,0.2978723404255319
10793577,1003668,1002200,188,56,0.2978723404255319
10794173,1003668,1002200,188,56,0.2978723404255319
10767631,1003668,1002200,188,56,0.2978723404255319
10740575,1003668,1002200,188,56,0.2978723404255319
12059609,1003668,1002200,188,56,0.2978723404255319
10740113,1003668,1002200,188,56,0.2978723404255319
12335585,1003668,1002200,188,56,0.2978723404255319
10794879,1003668,1002200,188,56,0.2978723404255319
10740691,1003668,1002200,188,56,0.2978723404255319
10739825,1003668,1002200,188,56,0.2978723404255319
10750859,1003668,1002200,188,56,0.2978723404255319
10769571,1003668,1002200,188,56,0.2978723404255319
10768679,1003668,1002200,188,56,0.2978723404255319
10769857,1003668,1002200,188,56,0.2978723404255319
10750663,1003668,1002200,188,56,0.2978723404255319
10769455,1003668,1002200,188,56,0.2978723404255319
10770269,1003668,1002200,188,56,0.2978723404255319
10739481,1003668,1002200,188,56,0.2978723404255319
10768659,1003668,1002200,188,56,0.2978723404255319
12897283,1003668,1002200,188,56,0.2978723404255319
10770865,1003668,1002200,188,56,0.2978723404255319
10751187,1003668,1002200,188,56,0.2978723404255319
10783199,1003668,1002200,188,56,0.2978723404255319
10768615,1003668,1002200,188,56,0.2978723404255319
10739221,1003668,1002200,188,56,0.2978723404255319
10768603,1003668,1002200,188,56,0.2978723404255319
10768925,1003668,1002200,188,56,0.2978723404255319
10768555,1003668,1002200,188,56,0.2978723404255319
10768147,1003668,1002200,188,56,0.2978723404255319
10754999,1003668,1002200,188,56,0.2978723404255319
10739131,1003668,1002200,188,56,0.2978723404255319
10750547,1003668,1002200,188,56,0.2978723404255319
10768791,1003668,1002200,188,56,0.2978723404255319
18291292,1000260,1003635,533,154,0.28893058161350843
17065308,1000260,1003635,533,154,0.28893058161350843
16943888,1000260,1003635,533,154,0.28893058161350843
16903930,1000260,1003635,533,154,0.28893058161350843
18291272,1000260,1003635,533,154,0.28893058161350843
17065088,1000260,1003635,533,154,0.28893058161350843
16904332,1000260,1003635,533,154,0.28893058161350843
18291252,1000260,1003635,533,154,0.28893058161350843
17065612,1000260,1003635,533,154,0.28893058161350843
16903320,1000260,1003635,533,154,0.28893058161350843
17065436,1000260,1003635,533,154,0.28893058161350843
18291314,1000260,1003635,533,154,0.28893058161350843
16902504,1000260,1003635,533,154,0.28893058161350843
17065548,1000260,1003635,533,154,0.28893058161350843
18291316,1000260,1003635,533,154,0.28893058161350843
16900466,1000260,1003635,533,154,0.28893058161350843
18291232,1000260,1003635,533,154,0.28893058161350843
16877502,1000260,1003635,533,154,0.28893058161350843
17065614,1000260,1003635,533,154,0.28893058161350843
18291318,1000260,1003635,533,154,0.28893058161350843
16876422,1000260,1003635,533,154,0.28893058161350843
16876418,1000260,1003635,533,154,0.28893058161350843
17065044,1000260,1003635,533,154,0.28893058161350843
18291192,1000260,1003635,533,154,0.28893058161350843
16904444,1000260,1003635,533,154,0.28893058161350843
17067400,1000260,1003635,533,154,0.28893058161350843
16929340,1000260,1003635,533,154,0.28893058161350843
17090560,1000260,1003635,533,154,0.28893058161350843
16943694,1000260,1003635,533,154,0.28893058161350843
16975976,1000260,1003635,533,154,0.28893058161350843
16943720,1000260,1003635,533,154,0.28893058161350843
16975974,1000260,1003635,533,154,0.28893058161350843
16975972,1000260,1003635,533,154,0.28893058161350843
16943820,1000260,1003635,533,154,0.28893058161350843
16943822,1000260,1003635,533,154,0.28893058161350843
16943824,1000260,1003635,533,154,0.28893058161350843
17065970,1000260,1003635,533,154,0.28893058161350843
16972834,1000260,1003635,533,154,0.28893058161350843
16972758,1000260,1003635,533,154,0.28893058161350843
16943886,1000260,1003635,533,154,0.28893058161350843
16943908,1000260,1003635,533,154,0.28893058161350843
17089512,1000260,1003635,533,154,0.28893058161350843
17089366,1000260,1003635,533,154,0.28893058161350843
16929212,1000260,1003635,533,154,0.28893058161350843
16905016,1000260,1003635,533,154,0.28893058161350843
18291212,1000260,1003635,533,154,0.28893058161350843
16904460,1000260,1003635,533,154,0.28893058161350843
17078970,1000260,1003635,533,154,0.28893058161350843
16904710,1000260,1003635,533,154,0.28893058161350843
17081482,1000260,1003635,533,154,0.28893058161350843
18251094,1000260,1003635,533,154,0.28893058161350843
17082882,1000260,1003635,533,154,0.28893058161350843
17089338,1000260,1003635,533,154,0.28893058161350843
16905476,1000260,1003635,533,154,0.28893058161350843
17084164,1000260,1003635,533,154,0.28893058161350843
17065960,1000260,1003635,533,154,0.28893058161350843
17087682,1000260,1003635,533,154,0.28893058161350843
16929180,1000260,1003635,533,154,0.28893058161350843
17087848,1000260,1003635,533,154,0.28893058161350843
16975970,1000260,1003635,533,154,0.28893058161350843
18228572,1000260,1003635,533,154,0.28893058161350843
16858876,1000260,1003635,533,154,0.28893058161350843
18018202,1000260,1003635,533,154,0.28893058161350843
18018162,1000260,1003635,533,154,0.28893058161350843
18018142,1000260,1003635,533,154,0.28893058161350843
18018122,1000260,1003635,533,154,0.28893058161350843
18018102,1000260,1003635,533,154,0.28893058161350843
18003934,1000260,1003635,533,154,0.28893058161350843
18003914,1000260,1003635,533,154,0.28893058161350843
18003894,1000260,1003635,533,154,0.28893058161350843
18003874,1000260,1003635,533,154,0.28893058161350843
18003854,1000260,1003635,533,154,0.28893058161350843
18003834,1000260,1003635,533,154,0.28893058161350843
18003802,1000260,1003635,533,154,0.28893058161350843
18003780,1000260,1003635,533,154,0.28893058161350843
18003760,1000260,1003635,533,154,0.28893058161350843
18003740,1000260,1003635,533,154,0.28893058161350843
18003720,1000260,1003635,533,154,0.28893058161350843
18003700,1000260,1003635,533,154,0.28893058161350843
17986172,1000260,1003635,533,154,0.28893058161350843
17986152,1000260,1003635,533,154,0.28893058161350843
17986132,1000260,1003635,533,154,0.28893058161350843
17986112,1000260,1003635,533,154,0.28893058161350843
17986092,1000260,1003635,533,154,0.28893058161350843
18018182,1000260,1003635,533,154,0.28893058161350843
18018222,1000260,1003635,533,154,0.28893058161350843
17986052,1000260,1003635,533,154,0.28893058161350843
18018242,1000260,1003635,533,154,0.28893058161350843
18251074,1000260,1003635,533,154,0.28893058161350843
17067318,1000260,1003635,533,154,0.28893058161350843
18228612,1000260,1003635,533,154,0.28893058161350843
18228592,1000260,1003635,533,154,0.28893058161350843
18228540,1000260,1003635,533,154,0.28893058161350843
18228338,1000260,1003635,533,154,0.28893058161350843
18228318,1000260,1003635,533,154,0.28893058161350843
18228298,1000260,1003635,533,154,0.28893058161350843
18228278,1000260,1003635,533,154,0.28893058161350843
18205474,1000260,1003635,533,154,0.28893058161350843
18205472,1000260,1003635,533,154,0.28893058161350843
18205470,1000260,1003635,533,154,0.28893058161350843
18205468,1000260,1003635,533,154,0.28893058161350843
18205466,1000260,1003635,533,154,0.28893058161350843
18205464,1000260,1003635,533,154,0.28893058161350843
18205462,1000260,1003635,533,154,0.28893058161350843
18205460,1000260,1003635,533,154,0.28893058161350843
18205458,1000260,1003635,533,154,0.28893058161350843
18205456,1000260,1003635,533,154,0.28893058161350843
18205454,1000260,1003635,533,154,0.28893058161350843
18018262,1000260,1003635,533,154,0.28893058161350843
16855938,1000260,1003635,533,154,0.28893058161350843
17986072,1000260,1003635,533,154,0.28893058161350843
17986032,1000260,1003635,533,154,0.28893058161350843
17906892,1000260,1003635,533,154,0.28893058161350843
17157622,1000260,1003635,533,154,0.28893058161350843
17157198,1000260,1003635,533,154,0.28893058161350843
17130542,1000260,1003635,533,154,0.28893058161350843
17129716,1000260,1003635,533,154,0.28893058161350843
17128234,1000260,1003635,533,154,0.28893058161350843
17108978,1000260,1003635,533,154,0.28893058161350843
17108890,1000260,1003635,533,154,0.28893058161350843
17107460,1000260,1003635,533,154,0.28893058161350843
17106792,1000260,1003635,533,154,0.28893058161350843
17106734,1000260,1003635,533,154,0.28893058161350843
17106708,1000260,1003635,533,154,0.28893058161350843
17105726,1000260,1003635,533,154,0.28893058161350843
17105720,1000260,1003635,533,154,0.28893058161350843
17105110,1000260,1003635,533,154,0.28893058161350843
17105102,1000260,1003635,533,154,0.28893058161350843
17104916,1000260,1003635,533,154,0.28893058161350843
17104664,1000260,1003635,533,154,0.28893058161350843
16644490,1000260,1003635,533,154,0.28893058161350843
16851728,1000260,1003635,533,154,0.28893058161350843
16852506,1000260,1003635,533,154,0.28893058161350843
16853254,1000260,1003635,533,154,0.28893058161350843
17157646,1000260,1003635,533,154,0.28893058161350843
17158110,1000260,1003635,533,154,0.28893058161350843
17158466,1000260,1003635,533,154,0.28893058161350843
17175606,1000260,1003635,533,154,0.28893058161350843
17906792,1000260,1003635,533,154,0.28893058161350843
17906772,1000260,1003635,533,154,0.28893058161350843
17906852,1000260,1003635,533,154,0.28893058161350843
17158746,1000260,1003635,533,154,0.28893058161350843
17175728,1000260,1003635,533,154,0.28893058161350843
17175652,1000260,1003635,533,154,0.28893058161350843
17906832,1000260,1003635,533,154,0.28893058161350843
17175644,1000260,1003635,533,154,0.28893058161350843
17175374,1000260,1003635,533,154,0.28893058161350843
17175360,1000260,1003635,533,154,0.28893058161350843
17906872,1000260,1003635,533,154,0.28893058161350843
17175300,1000260,1003635,533,154,0.28893058161350843
17175280,1000260,1003635,533,154,0.28893058161350843
17175108,1000260,1003635,533,154,0.28893058161350843
17174460,1000260,1003635,533,154,0.28893058161350843
17906812,1000260,1003635,533,154,0.28893058161350843
20244892,15-132460,15-132461,163,40,0.24539877300613497
19586902,15-132460,15-132461,163,40,0.24539877300613497
17538296,15-132460,15-132461,163,40,0.24539877300613497
17868441,15-132460,15-132461,163,40,0.24539877300613497
17686944,15-132460,15-132461,163,40,0.24539877300613497
17686622,15-132460,15-132461,163,40,0.24539877300613497
18011539,15-132460,15-132461,163,40,0.24539877300613497
91312,15-132460,15-132461,163,40,0.24539877300613497
21450560,15-132460,15-132461,163,40,0.24539877300613497
12514786,15-132460,15-132461,163,40,0.24539877300613497
122084,15-132460,15-132461,163,40,0.24539877300613497
2871227,15-132460,15-132461,163,40,0.24539877300613497
3244934,15-132460,15-132461,163,40,0.24539877300613497
3603798,15-132460,15-132461,163,40,0.24539877300613497
3674800,15-132460,15-132461,163,40,0.24539877300613497
4308664,15-132460,15-132461,163,40,0.24539877300613497
5181086,15-132460,15-132461,163,40,0.24539877300613497
5413140,15-132460,15-132461,163,40,0.24539877300613497
6483982,15-132460,15-132461,163,40,0.24539877300613497
6767293,15-132460,15-132461,163,40,0.24539877300613497
6777981,15-132460,15-132461,163,40,0.24539877300613497
7202794,15-132460,15-132461,163,40,0.24539877300613497
7203264,15-132460,15-132461,163,40,0.24539877300613497
7903083,15-132460,15-132461,163,40,0.24539877300613497
8249026,15-132460,15-132461,163,40,0.24539877300613497
8320726,15-132460,15-132461,163,40,0.24539877300613497
9315406,15-132460,15-132461,163,40,0.24539877300613497
9845552,15-132460,15-132461,163,40,0.24539877300613497
10459606,15-132460,15-132461,163,40,0.24539877300613497
11823636,15-132460,15-132461,163,40,0.24539877300613497
11836524,15-132460,15-132461,163,40,0.24539877300613497
12545208,15-132460,15-132461,163,40,0.24539877300613497
12612864,15-132460,15-132461,163,40,0.24539877300613497
12945584,15-132460,15-132461,163,40,0.24539877300613497
14365600,15-132460,15-132461,163,40,0.24539877300613497
15384616,15-132460,15-132461,163,40,0.24539877300613497
1131915,15-132460,15-132461,163,40,0.24539877300613497
1167858,15-132460,15-132461,163,40,0.24539877300613497
755058,15-132460,15-132461,163,40,0.24539877300613497
512910,15-132460,15-132461,163,40,0.24539877300613497
18018192,1004911,421177-12,856,185,0.2161214953271028
18018095,1004911,421181-12,856,185,0.2161214953271028
16365422,1004911,421181-12,856,185,0.2161214953271028
18228271,1004911,421181-12,856,185,0.2161214953271028
18228270,1004911,421177-12,856,185,0.2161214953271028
16154443,1004911,421177-12,856,185,0.2161214953271028
16154444,1004911,421181-12,856,185,0.2161214953271028
16365421,1004911,421177-12,856,185,0.2161214953271028
18018112,1004911,421177-12,856,185,0.2161214953271028
16154657,1004911,421177-12,856,185,0.2161214953271028
16152899,1004911,421177-12,856,185,0.2161214953271028
16154658,1004911,421181-12,856,185,0.2161214953271028
18018113,1004911,421181-12,856,185,0.2161214953271028
16215456,1004911,421181-12,856,185,0.2161214953271028
16154737,1004911,421177-12,856,185,0.2161214953271028
16154738,1004911,421181-12,856,185,0.2161214953271028
16215455,1004911,421177-12,856,185,0.2161214953271028
18018132,1004911,421177-12,856,185,0.2161214953271028
16154889,1004911,421177-12,856,185,0.2161214953271028
16152900,1004911,421181-12,856,185,0.2161214953271028
18018094,1004911,421177-12,856,185,0.2161214953271028
18018133,1004911,421181-12,856,185,0.2161214953271028
16365441,1004911,421177-12,856,185,0.2161214953271028
18228348,1004911,421177-12,856,185,0.2161214953271028
16149281,1004911,421177-12,856,185,0.2161214953271028
16149282,1004911,421181-12,856,185,0.2161214953271028
18228329,1004911,421181-12,856,185,0.2161214953271028
16365563,1004911,421177-12,856,185,0.2161214953271028
16365442,1004911,421181-12,856,185,0.2161214953271028
18228328,1004911,421177-12,856,185,0.2161214953271028
16149853,1004911,421177-12,856,185,0.2161214953271028
18003944,1004911,421177-12,856,185,0.2161214953271028
16149854,1004911,421181-12,856,185,0.2161214953271028
18228309,1004911,421181-12,856,185,0.2161214953271028
18003945,1004911,421181-12,856,185,0.2161214953271028
18228308,1004911,421177-12,856,185,0.2161214953271028
16149899,1004911,421177-12,856,185,0.2161214953271028
16149900,1004911,421181-12,856,185,0.2161214953271028
18228289,1004911,421181-12,856,185,0.2161214953271028
18228288,1004911,421177-12,856,185,0.2161214953271028
16154890,1004911,421181-12,856,185,0.2161214953271028
16215434,1004911,421181-12,856,185,0.2161214953271028
16215239,1004911,421177-12,856,185,0.2161214953271028
16212654,1004911,421181-12,856,185,0.2161214953271028
16185672,1004911,421181-12,856,185,0.2161214953271028
18018273,1004911,421181-12,856,185,0.2161214953271028
18018272,1004911,421177-12,856,185,0.2161214953271028
16212459,1004911,421177-12,856,185,0.2161214953271028
16212460,1004911,421181-12,856,185,0.2161214953271028
18018253,1004911,421181-12,856,185,0.2161214953271028
18018252,1004911,421177-12,856,185,0.2161214953271028
16212653,1004911,421177-12,856,185,0.2161214953271028
18018233,1004911,421181-12,856,185,0.2161214953271028
16154929,1004911,421177-12,856,185,0.2161214953271028
18018232,1004911,421177-12,856,185,0.2161214953271028
16212919,1004911,421177-12,856,185,0.2161214953271028
16212920,1004911,421181-12,856,185,0.2161214953271028
18018213,1004911,421181-12,856,185,0.2161214953271028
18018212,1004911,421177-12,856,185,0.2161214953271028
16212969,1004911,421177-12,856,185,0.2161214953271028
16212970,1004911,421181-12,856,185,0.2161214953271028
18018193,1004911,421181-12,856,185,0.2161214953271028
16185671,1004911,421177-12,856,185,0.2161214953271028
16185452,1004911,421181-12,856,185,0.2161214953271028
16185451,1004911,421177-12,856,185,0.2161214953271028
16184296,1004911,421181-12,856,185,0.2161214953271028
16154930,1004911,421181-12,856,185,0.2161214953271028
16215433,1004911,421177-12,856,185,0.2161214953271028
18018152,1004911,421177-12,856,185,0.2161214953271028
16181787,1004911,421177-12,856,185,0.2161214953271028
16181788,1004911,421181-12,856,185,0.2161214953271028
18018153,1004911,421181-12,856,185,0.2161214953271028
16215284,1004911,421181-12,856,185,0.2161214953271028
16182035,1004911,421177-12,856,185,0.2161214953271028
16182036,1004911,421181-12,856,185,0.2161214953271028
16215283,1004911,421177-12,856,185,0.2161214953271028
18018172,1004911,421177-12,856,185,0.2161214953271028
18018173,1004911,421181-12,856,185,0.2161214953271028
16143114,1004911,421181-12,856,185,0.2161214953271028
16215240,1004911,421181-12,856,185,0.2161214953271028
16182655,1004911,421177-12,856,185,0.2161214953271028
16182656,1004911,421181-12,856,185,0.2161214953271028
16184295,1004911,421177-12,856,185,0.2161214953271028
18228349,1004911,421181-12,856,185,0.2161214953271028
17055530,1004911,421181-12,856,185,0.2161214953271028
16143113,1004911,421177-12,856,185,0.2161214953271028
18377681,1004911,421177-12,856,185,0.2161214953271028
18546141,1004911,421177-12,856,185,0.2161214953271028
18377898,1004911,421181-12,856,185,0.2161214953271028
18377897,1004911,421177-12,856,185,0.2161214953271028
18377826,1004911,421181-12,856,185,0.2161214953271028
18377825,1004911,421177-12,856,185,0.2161214953271028
18377754,1004911,421181-12,856,185,0.2161214953271028
18377753,1004911,421177-12,856,185,0.2161214953271028
18377682,1004911,421181-12,856,185,0.2161214953271028
18377610,1004911,421181-12,856,185,0.2161214953271028
18377395,1004911,421181-12,856,185,0.2161214953271028
18377609,1004911,421177-12,856,185,0.2161214953271028
18377563,1004911,421181-12,856,185,0.2161214953271028
18377562,1004911,421177-12,856,185,0.2161214953271028
18377521,1004911,421181-12,856,185,0.2161214953271028
18377520,1004911,421177-12,856,185,0.2161214953271028
18377479,1004911,421181-12,856,185,0.2161214953271028
18377478,1004911,421177-12,856,185,0.2161214953271028
18377437,1004911,421181-12,856,185,0.2161214953271028
18546142,1004911,421181-12,856,185,0.2161214953271028
20009313,1004911,421177-12,856,185,0.2161214953271028
20009314,1004911,421181-12,856,185,0.2161214953271028
20009332,1004911,421177-12,856,185,0.2161214953271028
20607464,1004911,421181-12,856,185,0.2161214953271028
20607463,1004911,421177-12,856,185,0.2161214953271028
20009389,1004911,421181-12,856,185,0.2161214953271028
20009388,1004911,421177-12,856,185,0.2161214953271028
20009383,1004911,421181-12,856,185,0.2161214953271028
20009382,1004911,421177-12,856,185,0.2161214953271028
20009377,1004911,421181-12,856,185,0.2161214953271028
20009376,1004911,421177-12,856,185,0.2161214953271028
20009371,1004911,421181-12,856,185,0.2161214953271028
20009370,1004911,421177-12,856,185,0.2161214953271028
20009365,1004911,421181-12,856,185,0.2161214953271028
20009364,1004911,421177-12,856,185,0.2161214953271028
20009346,1004911,421181-12,856,185,0.2161214953271028
20009345,1004911,421177-12,856,185,0.2161214953271028
20009339,1004911,421181-12,856,185,0.2161214953271028
20009338,1004911,421177-12,856,185,0.2161214953271028
20009333,1004911,421181-12,856,185,0.2161214953271028
18377436,1004911,421177-12,856,185,0.2161214953271028
18377394,1004911,421177-12,856,185,0.2161214953271028
18228550,1004911,421177-12,856,185,0.2161214953271028
18228623,1004911,421181-12,856,185,0.2161214953271028
18291185,1004911,421181-12,856,185,0.2161214953271028
18291184,1004911,421177-12,856,185,0.2161214953271028
18251105,1004911,421181-12,856,185,0.2161214953271028
18251104,1004911,421177-12,856,185,0.2161214953271028
18251085,1004911,421181-12,856,185,0.2161214953271028
18251084,1004911,421177-12,856,185,0.2161214953271028
18251067,1004911,421181-12,856,185,0.2161214953271028
18251066,1004911,421177-12,856,185,0.2161214953271028
18228622,1004911,421177-12,856,185,0.2161214953271028
18377353,1004911,421181-12,856,185,0.2161214953271028
18003924,1004911,421177-12,856,185,0.2161214953271028
18228603,1004911,421181-12,856,185,0.2161214953271028
18228602,1004911,421177-12,856,185,0.2161214953271028
18228583,1004911,421181-12,856,185,0.2161214953271028
18228582,1004911,421177-12,856,185,0.2161214953271028
18228565,1004911,421181-12,856,185,0.2161214953271028
18228564,1004911,421177-12,856,185,0.2161214953271028
18228551,1004911,421181-12,856,185,0.2161214953271028
18291202,1004911,421177-12,856,185,0.2161214953271028
18291203,1004911,421181-12,856,185,0.2161214953271028
18291222,1004911,421177-12,856,185,0.2161214953271028
18291223,1004911,421181-12,856,185,0.2161214953271028
18377352,1004911,421177-12,856,185,0.2161214953271028
18377311,1004911,421181-12,856,185,0.2161214953271028
18377310,1004911,421177-12,856,185,0.2161214953271028
18377236,1004911,421181-12,856,185,0.2161214953271028
18377235,1004911,421177-12,856,185,0.2161214953271028
18325132,1004911,421181-12,856,185,0.2161214953271028
18325131,1004911,421177-12,856,185,0.2161214953271028
18313512,1004911,421181-12,856,185,0.2161214953271028
18313511,1004911,421177-12,856,185,0.2161214953271028
18291303,1004911,421181-12,856,185,0.2161214953271028
18291302,1004911,421177-12,856,185,0.2161214953271028
18291283,1004911,421181-12,856,185,0.2161214953271028
18291282,1004911,421177-12,856,185,0.2161214953271028
18291263,1004911,421181-12,856,185,0.2161214953271028
18291262,1004911,421177-12,856,185,0.2161214953271028
18291243,1004911,421181-12,856,185,0.2161214953271028
18291242,1004911,421177-12,856,185,0.2161214953271028
18003925,1004911,421181-12,856,185,0.2161214953271028
16365564,1004911,421181-12,856,185,0.2161214953271028
17055529,1004911,421177-12,856,185,0.2161214953271028
16448282,1004911,421181-12,856,185,0.2161214953271028
16448820,1004911,421181-12,856,185,0.2161214953271028
16450875,1004911,421177-12,856,185,0.2161214953271028
16450876,1004911,421181-12,856,185,0.2161214953271028
16451333,1004911,421177-12,856,185,0.2161214953271028
16451334,1004911,421181-12,856,185,0.2161214953271028
16451545,1004911,421177-12,856,185,0.2161214953271028
16451546,1004911,421181-12,856,185,0.2161214953271028
16454845,1004911,421177-12,856,185,0.2161214953271028
16454846,1004911,421181-12,856,185,0.2161214953271028
16469041,1004911,421177-12,856,185,0.2161214953271028
16469042,1004911,421181-12,856,185,0.2161214953271028
16469067,1004911,421177-12,856,185,0.2161214953271028
16469068,1004911,421181-12,856,185,0.2161214953271028
16469159,1004911,421177-12,856,185,0.2161214953271028
16469160,1004911,421181-12,856,185,0.2161214953271028
16469553,1004911,421177-12,856,185,0.2161214953271028
16469554,1004911,421181-12,856,185,0.2161214953271028
16469577,1004911,421177-12,856,185,0.2161214953271028
16469578,1004911,421181-12,856,185,0.2161214953271028
16469751,1004911,421177-12,856,185,0.2161214953271028
16469752,1004911,421181-12,856,185,0.2161214953271028
16448819,1004911,421177-12,856,185,0.2161214953271028
16448281,1004911,421177-12,856,185,0.2161214953271028
16484738,1004911,421181-12,856,185,0.2161214953271028
16436052,1004911,421181-12,856,185,0.2161214953271028
16385349,1004911,421177-12,856,185,0.2161214953271028
17906783,1004911,421181-12,856,185,0.2161214953271028
17906782,1004911,421177-12,856,185,0.2161214953271028
16385350,1004911,421181-12,856,185,0.2161214953271028
16385633,1004911,421177-12,856,185,0.2161214953271028
17906765,1004911,421181-12,856,185,0.2161214953271028
17906764,1004911,421177-12,856,185,0.2161214953271028
16385634,1004911,421181-12,856,185,0.2161214953271028
16433117,1004911,421177-12,856,185,0.2161214953271028
16433118,1004911,421181-12,856,185,0.2161214953271028
17617692,1004911,421181-12,856,185,0.2161214953271028
17617691,1004911,421177-12,856,185,0.2161214953271028
16433569,1004911,421177-12,856,185,0.2161214953271028
16433570,1004911,421181-12,856,185,0.2161214953271028
16433619,1004911,421177-12,856,185,0.2161214953271028
16433620,1004911,421181-12,856,185,0.2161214953271028
16433657,1004911,421177-12,856,185,0.2161214953271028
16433658,1004911,421181-12,856,185,0.2161214953271028
16435943,1004911,421177-12,856,185,0.2161214953271028
16435944,1004911,421181-12,856,185,0.2161214953271028
16436051,1004911,421177-12,856,185,0.2161214953271028
16484737,1004911,421177-12,856,185,0.2161214953271028
16485347,1004911,421177-12,856,185,0.2161214953271028
17906802,1004911,421177-12,856,185,0.2161214953271028
16517398,1004911,421181-12,856,185,0.2161214953271028
16517936,1004911,421181-12,856,185,0.2161214953271028
16987847,1004911,421177-12,856,185,0.2161214953271028
16987848,1004911,421181-12,856,185,0.2161214953271028
16987999,1004911,421177-12,856,185,0.2161214953271028
16988000,1004911,421181-12,856,185,0.2161214953271028
17010833,1004911,421177-12,856,185,0.2161214953271028
17010834,1004911,421181-12,856,185,0.2161214953271028
17010977,1004911,421177-12,856,185,0.2161214953271028
17010978,1004911,421181-12,856,185,0.2161214953271028
17011201,1004911,421177-12,856,185,0.2161214953271028
17011202,1004911,421181-12,856,185,0.2161214953271028
17053419,1004911,421177-12,856,185,0.2161214953271028
17053420,1004911,421181-12,856,185,0.2161214953271028
17053574,1004911,421177-12,856,185,0.2161214953271028
17053575,1004911,421181-12,856,185,0.2161214953271028
17053727,1004911,421177-12,856,185,0.2161214953271028
17053728,1004911,421181-12,856,185,0.2161214953271028
17053859,1004911,421177-12,856,185,0.2161214953271028
17053860,1004911,421181-12,856,185,0.2161214953271028
17055397,1004911,421177-12,856,185,0.2161214953271028
17055398,1004911,421181-12,856,185,0.2161214953271028
16517935,1004911,421177-12,856,185,0.2161214953271028
16517397,1004911,421177-12,856,185,0.2161214953271028
16485348,1004911,421181-12,856,185,0.2161214953271028
16516796,1004911,421181-12,856,185,0.2161214953271028
16487827,1004911,421177-12,856,185,0.2161214953271028
16487828,1004911,421181-12,856,185,0.2161214953271028
16488331,1004911,421177-12,856,185,0.2161214953271028
16488332,1004911,421181-12,856,185,0.2161214953271028
16489083,1004911,421177-12,856,185,0.2161214953271028
16489084,1004911,421181-12,856,185,0.2161214953271028
16492959,1004911,421177-12,856,185,0.2161214953271028
16492960,1004911,421181-12,856,185,0.2161214953271028
16513865,1004911,421177-12,856,185,0.2161214953271028
16513866,1004911,421181-12,856,185,0.2161214953271028
16513891,1004911,421177-12,856,185,0.2161214953271028
16513892,1004911,421181-12,856,185,0.2161214953271028
16513911,1004911,421177-12,856,185,0.2161214953271028
16513912,1004911,421181-12,856,185,0.2161214953271028
16513935,1004911,421177-12,856,185,0.2161214953271028
16513936,1004911,421181-12,856,185,0.2161214953271028
16515731,1004911,421177-12,856,185,0.2161214953271028
16515732,1004911,421181-12,856,185,0.2161214953271028
16516661,1004911,421177-12,856,185,0.2161214953271028
16516662,1004911,421181-12,856,185,0.2161214953271028
16516795,1004911,421177-12,856,185,0.2161214953271028
16385222,1004911,421181-12,856,185,0.2161214953271028
17906803,1004911,421181-12,856,185,0.2161214953271028
16365935,1004911,421177-12,856,185,0.2161214953271028
18003790,1004911,421177-12,856,185,0.2161214953271028
18003771,1004911,421181-12,856,185,0.2161214953271028
18003770,1004911,421177-12,856,185,0.2161214953271028
16367752,1004911,421181-12,856,185,0.2161214953271028
16367783,1004911,421177-12,856,185,0.2161214953271028
18003751,1004911,421181-12,856,185,0.2161214953271028
18003750,1004911,421177-12,856,185,0.2161214953271028
16367784,1004911,421181-12,856,185,0.2161214953271028
16379285,1004911,421177-12,856,185,0.2161214953271028
18003731,1004911,421181-12,856,185,0.2161214953271028
18003730,1004911,421177-12,856,185,0.2161214953271028
16379286,1004911,421181-12,856,185,0.2161214953271028
16379857,1004911,421177-12,856,185,0.2161214953271028
18003711,1004911,421181-12,856,185,0.2161214953271028
18003710,1004911,421177-12,856,185,0.2161214953271028
16379858,1004911,421181-12,856,185,0.2161214953271028
16380111,1004911,421177-12,856,185,0.2161214953271028
18003693,1004911,421181-12,856,185,0.2161214953271028
18003692,1004911,421177-12,856,185,0.2161214953271028
17986183,1004911,421181-12,856,185,0.2161214953271028
17986182,1004911,421177-12,856,185,0.2161214953271028
16380112,1004911,421181-12,856,185,0.2161214953271028
16367244,1004911,421181-12,856,185,0.2161214953271028
18003791,1004911,421181-12,856,185,0.2161214953271028
17986163,1004911,421181-12,856,185,0.2161214953271028
16367243,1004911,421177-12,856,185,0.2161214953271028
18003905,1004911,421181-12,856,185,0.2161214953271028
18003904,1004911,421177-12,856,185,0.2161214953271028
16365936,1004911,421181-12,856,185,0.2161214953271028
16366135,1004911,421177-12,856,185,0.2161214953271028
18003885,1004911,421181-12,856,185,0.2161214953271028
18003884,1004911,421177-12,856,185,0.2161214953271028
16366136,1004911,421181-12,856,185,0.2161214953271028
16366833,1004911,421177-12,856,185,0.2161214953271028
18003865,1004911,421181-12,856,185,0.2161214953271028
18003864,1004911,421177-12,856,185,0.2161214953271028
16366834,1004911,421181-12,856,185,0.2161214953271028
16366861,1004911,421177-12,856,185,0.2161214953271028
18003845,1004911,421181-12,856,185,0.2161214953271028
18003844,1004911,421177-12,856,185,0.2161214953271028
16366862,1004911,421181-12,856,185,0.2161214953271028
16367149,1004911,421177-12,856,185,0.2161214953271028
18003827,1004911,421181-12,856,185,0.2161214953271028
18003826,1004911,421177-12,856,185,0.2161214953271028
18003813,1004911,421181-12,856,185,0.2161214953271028
18003812,1004911,421177-12,856,185,0.2161214953271028
16367150,1004911,421181-12,856,185,0.2161214953271028
16380319,1004911,421177-12,856,185,0.2161214953271028
17986162,1004911,421177-12,856,185,0.2161214953271028
16385221,1004911,421177-12,856,185,0.2161214953271028
16384370,1004911,421181-12,856,185,0.2161214953271028
17986025,1004911,421181-12,856,185,0.2161214953271028
17986024,1004911,421177-12,856,185,0.2161214953271028
17906903,1004911,421181-12,856,185,0.2161214953271028
17906902,1004911,421177-12,856,185,0.2161214953271028
16384672,1004911,421181-12,856,185,0.2161214953271028
16384813,1004911,421177-12,856,185,0.2161214953271028
17906883,1004911,421181-12,856,185,0.2161214953271028
17906882,1004911,421177-12,856,185,0.2161214953271028
16384814,1004911,421181-12,856,185,0.2161214953271028
16384889,1004911,421177-12,856,185,0.2161214953271028
17906863,1004911,421181-12,856,185,0.2161214953271028
17906862,1004911,421177-12,856,185,0.2161214953271028
16384890,1004911,421181-12,856,185,0.2161214953271028
16384957,1004911,421177-12,856,185,0.2161214953271028
17906843,1004911,421181-12,856,185,0.2161214953271028
17906842,1004911,421177-12,856,185,0.2161214953271028
16384958,1004911,421181-12,856,185,0.2161214953271028
16385131,1004911,421177-12,856,185,0.2161214953271028
17906823,1004911,421181-12,856,185,0.2161214953271028
17906822,1004911,421177-12,856,185,0.2161214953271028
16385132,1004911,421181-12,856,185,0.2161214953271028
16384671,1004911,421177-12,856,185,0.2161214953271028
17986042,1004911,421177-12,856,185,0.2161214953271028
16380320,1004911,421181-12,856,185,0.2161214953271028
17986043,1004911,421181-12,856,185,0.2161214953271028
16381647,1004911,421177-12,856,185,0.2161214953271028
17986143,1004911,421181-12,856,185,0.2161214953271028
17986142,1004911,421177-12,856,185,0.2161214953271028
16381648,1004911,421181-12,856,185,0.2161214953271028
16381853,1004911,421177-12,856,185,0.2161214953271028
17986123,1004911,421181-12,856,185,0.2161214953271028
17986122,1004911,421177-12,856,185,0.2161214953271028
16381854,1004911,421181-12,856,185,0.2161214953271028
16381915,1004911,421177-12,856,185,0.2161214953271028
17986103,1004911,421181-12,856,185,0.2161214953271028
17986102,1004911,421177-12,856,185,0.2161214953271028
16381916,1004911,421181-12,856,185,0.2161214953271028
16382251,1004911,421177-12,856,185,0.2161214953271028
17986083,1004911,421181-12,856,185,0.2161214953271028
17986082,1004911,421177-12,856,185,0.2161214953271028
16382252,1004911,421181-12,856,185,0.2161214953271028
16382271,1004911,421177-12,856,185,0.2161214953271028
17986063,1004911,421181-12,856,185,0.2161214953271028
17986062,1004911,421177-12,856,185,0.2161214953271028
16382272,1004911,421181-12,856,185,0.2161214953271028
16384369,1004911,421177-12,856,185,0.2161214953271028
16367751,1004911,421177-12,856,185,0.2161214953271028
